{"cameraMode":{"drawMode":0,"name":"Shaded","section":"Shading Mode"},"sceneLighting":true,"audioPlay":false,"sceneViewState":{"m_AlwaysRefresh":false,"showFog":true,"showSkybox":true,"showFlares":true,"showImageEffects":true,"showParticleSystems":true,"showVisualEffectGraphs":true,"m_FxEnabled":true},"in2DMode":false,"pivot":{"x":3.208111047744751,"y":-58.74905014038086,"z":-0.8036417961120606},"rotation":{"x":0.00012287485878914595,"y":0.7315330505371094,"z":-0.6819164752960205,"w":0.00029800416086800396},"size":51.642494201660159,"orthographic":false}